USE krautundrueben;

INSERT INTO ORT (PLZ, STADT) VALUES (20249, 'Hamburg');
 
INSERT INTO ORT (PLZ, STADT) VALUES (22765, 'Hamburg');

INSERT INTO ORT (PLZ, STADT) VALUES (20459, 'Hamburg');

INSERT INTO ORT (PLZ, STADT) VALUES (22049, 'Hamburg');

INSERT INTO ORT (PLZ, STADT) VALUES (22835, 'Barsbüttel');

INSERT INTO ORT (PLZ, STADT) VALUES (21075, 'Hamburg');

INSERT INTO ORT (PLZ, STADT) VALUES (21079, 'Hamburg');

INSERT INTO ORT (PLZ, STADT) VALUES (21149, 'Hamburg');

INSERT INTO ORT (PLZ, STADT) VALUES (22605, 'Hamburg');

INSERT INTO ORT (PLZ, STADT) VALUES (24354, 'Weseby');

INSERT INTO ORT (PLZ, STADT) VALUES (21635,  'Jork');

INSERT INTO ORT (PLZ, STADT) VALUES (19217, 'Dechow');

INSERT INTO ORT (PLZ, STADT) VALUES (22767, 'Hamburg');

INSERT INTO KUNDE (KUNDENNR, NACHNAME, VORNAME, GEBURTSDATUM, STRASSE, HAUSNR, PLZ, TELEFON, EMAIL) VALUES (2001, 'Wellensteyn','Kira','1990-05-05','Eppendorfer Landstrasse', '104', '20249','040/443322','k.wellensteyn@yahoo.de');

INSERT INTO KUNDE (KUNDENNR, NACHNAME, VORNAME, GEBURTSDATUM, STRASSE, HAUSNR, PLZ, TELEFON, EMAIL) VALUES (2002, 'Foede','Dorothea','2000-03-24','Ohmstraße', '23', '22765','040/543822','d.foede@web.de');

INSERT INTO KUNDE (KUNDENNR, NACHNAME, VORNAME, GEBURTSDATUM, STRASSE, HAUSNR, PLZ, TELEFON, EMAIL) VALUES (2003, 'Leberer','Sigrid','1989-09-21','Bilser Berg', '6', '20459','0175/1234588','sigrid@leberer.de');

INSERT INTO KUNDE (KUNDENNR, NACHNAME, VORNAME, GEBURTSDATUM, STRASSE, HAUSNR, PLZ, TELEFON, EMAIL) VALUES (2004, 'Soerensen','Hanna','1974-04-03','Alter Teichweg', '95', '22049','040/634578','h.soerensen@yahoo.de');

INSERT INTO KUNDE (KUNDENNR, NACHNAME, VORNAME, GEBURTSDATUM, STRASSE, HAUSNR, PLZ, TELEFON, EMAIL) VALUES (2005, 'Schnitter','Marten','1964-04-17','Stübels', '10', '22835','0176/447587','schni_mart@gmail.com');

INSERT INTO KUNDE (KUNDENNR, NACHNAME, VORNAME, GEBURTSDATUM, STRASSE, HAUSNR, PLZ, TELEFON, EMAIL) VALUES (2006, 'Maurer','Belinda','1978-09-09','Grotelertwiete', '4a', '21075','040/332189','belinda1978@yahoo.de');

INSERT INTO KUNDE (KUNDENNR, NACHNAME, VORNAME, GEBURTSDATUM, STRASSE, HAUSNR, PLZ, TELEFON, EMAIL) VALUES (2007, 'Gessert','Armin','1978-01-29','Küstersweg', '3', '21079','040/67890','armin@gessert.de');

INSERT INTO KUNDE (KUNDENNR, NACHNAME, VORNAME, GEBURTSDATUM, STRASSE, HAUSNR, PLZ, TELEFON, EMAIL) VALUES (2008, 'Haessig','Jean-Marc','1982-08-30','Neugrabener Bahnhofstraße', '30', '21149','0178-67013390','jm@haessig.de');

INSERT INTO KUNDE (KUNDENNR, NACHNAME, VORNAME, GEBURTSDATUM, STRASSE, HAUSNR, PLZ, TELEFON, EMAIL) VALUES (2009, 'Urocki','Eric','1999-12-04','Elbchaussee', '228', '22605','0152-96701390','urocki@outlook.de');

INSERT INTO LIEFERANT (LIEFERANTENNR, LIEFERANT, STRASSE, HAUSNR, PLZ, TELEFON, EMAIL) values (101, 'Bio-Hof Müller', 'Dorfstraße', '74', '24354', '04354-9080', 'mueller@biohof.de');

INSERT INTO LIEFERANT (LIEFERANTENNR, LIEFERANT, STRASSE, HAUSNR, PLZ, TELEFON, EMAIL) values (102, 'Obst-Hof Altes Land', 'Westerjork 74', '76', '21635', '04162-4523', 'info@biohof-altesland.de');

INSERT INTO LIEFERANT (LIEFERANTENNR, LIEFERANT, STRASSE, HAUSNR, PLZ, TELEFON, EMAIL) values (103, 'Molkerei Henning', 'Molkereiwegkundekunde', '13','19217', '038873-8976', 'info@molkerei-henning.de');

INSERT INTO LIEFERANT (LIEFERANTENNR, LIEFERANT, STRASSE, HAUSNR, PLZ, TELEFON, EMAIL) VALUES (173, 'O-Sun', 'Müllerweg', '12', '22767', '04069-6969', 'info@o-sun.com');

INSERT INTO ZUTATEN (ZID, ZUTAT, MENGENEINHEIT, NETTOPREIS, BESTAND, KALORIEN, KOHLENHYDRATE, PROTEIN, FETT) VALUES (1001,'Zucchini','Stück', 0.89, 100,19,2,1.6, 0.3);

INSERT INTO LIEFERANTZUTATEN (LIEFERANTENNR, ZID) VALUES (101, 1001);

INSERT INTO ZUTATEN (ZID, ZUTAT, MENGENEINHEIT, NETTOPREIS, BESTAND, KALORIEN, KOHLENHYDRATE, PROTEIN, FETT) VALUES (7001, 'Oel', 'Liter', 1.19, 290, 8840, 0, 0, 1000);

INSERT INTO LIEFERANTZUTATEN (LIEFERANTENNR, ZID) VALUES (173, 7001);

INSERT INTO ZUTATEN (ZID, ZUTAT, MENGENEINHEIT, NETTOPREIS, BESTAND) VALUES (7002,'Salz', 'Kilo', 0.20, 500);

INSERT INTO LIEFERANTZUTATEN (LIEFERANTENNR, ZID) VALUES (173, 7002);

INSERT INTO ZUTATEN (ZID, ZUTAT, MENGENEINHEIT, NETTOPREIS, BESTAND) VALUES (7003,'Pfeffer', 'Stück', 0.60, 500);

INSERT INTO LIEFERANTZUTATEN (LIEFERANTENNR, ZID) VALUES (173, 7003);

INSERT INTO ZUTATEN (ZID, ZUTAT, MENGENEINHEIT, NETTOPREIS, BESTAND, KALORIEN, KOHLENHYDRATE, PROTEIN, FETT) VALUES (7004, 'Sojamilch', 'Liter', 0.99, 200, 540, 60, 33, 18);

INSERT INTO LIEFERANTZUTATEN (LIEFERANTENNR, ZID) VALUES (173, 7004);

INSERT INTO ZUTATEN (ZID, ZUTAT, MENGENEINHEIT, NETTOPREIS, BESTAND, KALORIEN, KOHLENHYDRATE, PROTEIN, FETT) VALUES (7005, 'Sojamehl', 'Kilo', 2.49, 800, 3390, 400, 450, 24);

INSERT INTO LIEFERANTZUTATEN (LIEFERANTENNR, ZID) VALUES (173, 7005);

INSERT INTO ZUTATEN (ZID, ZUTAT, MENGENEINHEIT, NETTOPREIS, BESTAND, KALORIEN, KOHLENHYDRATE, PROTEIN, FETT) VALUES (7006, 'Proteinpulver', 'Kilo', 14.99, 50, 3740, 53, 780, 45);

INSERT INTO LIEFERANTZUTATEN (LIEFERANTENNR, ZID) VALUES (173, 7006);

INSERT INTO ZUTATEN (ZID, ZUTAT, MENGENEINHEIT, NETTOPREIS, BESTAND, KALORIEN, KOHLENHYDRATE, PROTEIN, FETT) VALUES (7007, 'Haferflocken', '0,5 Kilo', 1.29, 1500, 1850, 315, 60, 35);

INSERT INTO LIEFERANTZUTATEN (LIEFERANTENNR, ZID) VALUES (173, 7007);

INSERT INTO ZUTATEN (ZID, ZUTAT, MENGENEINHEIT, NETTOPREIS, BESTAND) VALUES (7008, 'Butter-Vanille Aroma', 'Stück', 0.79, 250);

INSERT INTO LIEFERANTZUTATEN (LIEFERANTENNR, ZID) VALUES (173, 7008);

INSERT INTO ZUTATEN (ZID, ZUTAT, MENGENEINHEIT, NETTOPREIS, BESTAND, KALORIEN, KOHLENHYDRATE, PROTEIN, FETT) VALUES (7009, 'Apfelmark', 'Stück', 1.49, 150, 406, 84, 3.5, 3.5);

INSERT INTO LIEFERANTZUTATEN (LIEFERANTENNR, ZID) VALUES (173, 7009);

INSERT INTO ZUTATEN (ZID, ZUTAT, MENGENEINHEIT, NETTOPREIS, BESTAND) VALUES (7010, 'Backpulver', 'Stück', 0.10, 1500);

INSERT INTO LIEFERANTZUTATEN (LIEFERANTENNR, ZID) VALUES (173, 7010);

INSERT INTO ZUTATEN (ZID, ZUTAT, MENGENEINHEIT, NETTOPREIS, BESTAND) VALUES (7011, 'Stevia', 'Stück', 1.90, 150);

INSERT INTO LIEFERANTZUTATEN (LIEFERANTENNR, ZID) VALUES (173, 7011);

INSERT INTO ZUTATEN (ZID, ZUTAT, MENGENEINHEIT, NETTOPREIS, BESTAND) VALUES (7012, 'Zimt', 'Stück', 0.59, 500);

INSERT INTO LIEFERANTZUTATEN (LIEFERANTENNR, ZID) VALUES (173, 7012);

INSERT INTO ZUTATEN (ZID, ZUTAT, MENGENEINHEIT, NETTOPREIS, BESTAND) VALUES (7013, 'Natron', 'Stück', 0.75, 750);

INSERT INTO LIEFERANTZUTATEN (LIEFERANTENNR, ZID) VALUES (173, 7013);

INSERT INTO ZUTATEN (ZID, ZUTAT, MENGENEINHEIT, NETTOPREIS, BESTAND) VALUES (7014, 'Kakaopulver', 'Kilo', 3, 100);

INSERT INTO LIEFERANTZUTATEN (LIEFERANTENNR, ZID) VALUES (173, 7014);

INSERT INTO ZUTATEN (ZID, ZUTAT, MENGENEINHEIT, NETTOPREIS, BESTAND, KALORIEN, KOHLENHYDRATE, PROTEIN, FETT) VALUES (7015, 'Magerine', '0.25 Kilo', 0.99, 150, 1327, 1.3, 1.3, 150);

INSERT INTO LIEFERANTZUTATEN (LIEFERANTENNR, ZID) VALUES (173, 7015);

INSERT INTO ZUTATEN (ZID, ZUTAT, MENGENEINHEIT, NETTOPREIS, BESTAND) VALUES (7016, 'Vanille-Zucker', 'Stück', 0.19, 1000);

INSERT INTO LIEFERANTZUTATEN (LIEFERANTENNR, ZID) VALUES (173, 7016);

INSERT INTO ZUTATEN (ZID, ZUTAT, MENGENEINHEIT, NETTOPREIS, BESTAND, KALORIEN, KOHLENHYDRATE, PROTEIN, FETT) VALUES (7017, 'Mehlmischung Glutenfrei', 'Kilo', 3, 1000, 3380, 798, 22, 6);

INSERT INTO LIEFERANTZUTATEN (LIEFERANTENNR, ZID) VALUES (173, 7017);

INSERT INTO ZUTATEN (ZID, ZUTAT, MENGENEINHEIT, NETTOPREIS, BESTAND) VALUES (7018, 'Backpulver Glutenfrei', 'Stück', 0.29, 100);

INSERT INTO LIEFERANTZUTATEN (LIEFERANTENNR, ZID) VALUES (173, 7018);

INSERT INTO ZUTATEN (ZID, ZUTAT, MENGENEINHEIT, NETTOPREIS, BESTAND, KALORIEN, KOHLENHYDRATE, PROTEIN, FETT) VALUES (7019, 'Kichererbsenmehl', 'Kilo', 4.99, 100, 3740, 540, 220, 47);

INSERT INTO LIEFERANTZUTATEN (LIEFERANTENNR, ZID) VALUES (173, 7019);

INSERT INTO ZUTATEN (ZID, ZUTAT, MENGENEINHEIT, NETTOPREIS, BESTAND, KALORIEN, KOHLENHYDRATE, PROTEIN, FETT) VALUES (7020, 'Wallnüsse', '0.1 Kilo', 0.99, 200, 357, 2.6, 8.8, 33.7);

INSERT INTO LIEFERANTZUTATEN (LIEFERANTENNR, ZID) VALUES (173, 7020);

INSERT INTO ZUTATEN (ZID, ZUTAT, MENGENEINHEIT, NETTOPREIS, BESTAND) VALUES (7021, 'Puderzucker', '0.25 Kilo', 0.29, 200);

INSERT INTO LIEFERANTZUTATEN (LIEFERANTENNR, ZID) VALUES (173, 7021);

INSERT INTO ZUTATEN (ZID, ZUTAT, MENGENEINHEIT, NETTOPREIS, BESTAND, KALORIEN, KOHLENHYDRATE, PROTEIN, FETT) VALUES (7022, 'Quark', '0.5 Kilo', 0.80, 150, 355, 8.75, 23.25, 24.5);

INSERT INTO LIEFERANTZUTATEN (LIEFERANTENNR, ZID) VALUES (173, 7022);

INSERT INTO ZUTATEN (ZID, ZUTAT, MENGENEINHEIT, NETTOPREIS, BESTAND, KALORIEN, KOHLENHYDRATE, PROTEIN, FETT) VALUES (7023, 'Geriebener Kaese', '0.15 Kilo', 1.39, 200, 471, 4.2, 36, 35);

INSERT INTO LIEFERANTZUTATEN (LIEFERANTENNR, ZID) VALUES (173, 7023);

INSERT INTO ZUTATEN (ZID, ZUTAT, MENGENEINHEIT, NETTOPREIS, BESTAND, KALORIEN, KOHLENHYDRATE, PROTEIN, FETT) VALUES (7024, 'Crème fraîche', '0.15 Kilo', 0.99, 100, 448, 4.2, 4, 45);

INSERT INTO LIEFERANTZUTATEN (LIEFERANTENNR, ZID) VALUES (173, 7024);

INSERT INTO ZUTATEN (ZID, ZUTAT, MENGENEINHEIT, NETTOPREIS, BESTAND, KALORIEN, KOHLENHYDRATE, PROTEIN, FETT) VALUES (7025, 'Speckwürfel', '0.1 Kilo', 1.69, 100, 114, 1, 23, 2);

INSERT INTO LIEFERANTZUTATEN (LIEFERANTENNR, ZID) VALUES (173, 7025);

INSERT INTO ZUTATEN (ZID, ZUTAT, MENGENEINHEIT, NETTOPREIS, BESTAND, KALORIEN, KOHLENHYDRATE, PROTEIN, FETT) VALUES (1002,'Zwiebel','Stück', 0.15, 50, 28, 4.9, 1.20, 0.1);

INSERT INTO LIEFERANTZUTATEN (LIEFERANTENNR, ZID) VALUES (101, 1002);

INSERT INTO ZUTATEN (ZID, ZUTAT, MENGENEINHEIT, NETTOPREIS, BESTAND, KALORIEN, KOHLENHYDRATE, PROTEIN, FETT) VALUES (1003, 'Tomate', 'Stück', 0.45, 50, 18, 2.6, 1, 0.2);

INSERT INTO LIEFERANTZUTATEN (LIEFERANTENNR, ZID) VALUES (101, 1003);

INSERT INTO ZUTATEN (ZID, ZUTAT, MENGENEINHEIT, NETTOPREIS, BESTAND, KALORIEN, KOHLENHYDRATE, PROTEIN, FETT) VALUES (1004, 'Schalotte', 'Stück', 0.20, 500, 25, 3.3, 1.5, 0.1);

INSERT INTO LIEFERANTZUTATEN (LIEFERANTENNR, ZID) VALUES (101, 1004);

INSERT INTO ZUTATEN (ZID, ZUTAT, MENGENEINHEIT, NETTOPREIS, BESTAND, KALORIEN, KOHLENHYDRATE, PROTEIN, FETT) VALUES (1005, 'Karotte', 'Stück', 0.30, 500, 41, 10, 0.9, 0.2);

INSERT INTO LIEFERANTZUTATEN (LIEFERANTENNR, ZID) VALUES (101, 1005);

INSERT INTO ZUTATEN (ZID, ZUTAT, MENGENEINHEIT, NETTOPREIS, BESTAND) VALUES (1337, 'Schwarztee', 'Stück', 0.10, 12000);

INSERT INTO LIEFERANTZUTATEN (LIEFERANTENNR, ZID) VALUES (173, 1337);

INSERT INTO ZUTATEN (ZID, ZUTAT, MENGENEINHEIT, NETTOPREIS, BESTAND, KALORIEN, KOHLENHYDRATE, PROTEIN, FETT) VALUES (1006, 'Kartoffel', 'Stück', 0.15, 1500, 71, 14.6, 2, 0.2);

INSERT INTO LIEFERANTZUTATEN (LIEFERANTENNR, ZID) VALUES (101, 1006);

INSERT INTO ZUTATEN (ZID, ZUTAT, MENGENEINHEIT, NETTOPREIS, BESTAND, KALORIEN, KOHLENHYDRATE, PROTEIN, FETT) VALUES (1007, 'Rucola', 'Bund', 0.90, 10, 27, 2.1, 2.6, 0.7);

INSERT INTO LIEFERANTZUTATEN (LIEFERANTENNR, ZID) VALUES (101, 1007);

INSERT INTO ZUTATEN (ZID, ZUTAT, MENGENEINHEIT, NETTOPREIS, BESTAND, KALORIEN, KOHLENHYDRATE, PROTEIN, FETT) VALUES (1008, 'Lauch', 'Stück', 1.2, 35, 29, 3.3, 2.1, 0.3);

INSERT INTO LIEFERANTZUTATEN (LIEFERANTENNR, ZID) VALUES (101, 1008);

INSERT INTO ZUTATEN (ZID, ZUTAT, MENGENEINHEIT, NETTOPREIS, BESTAND, KALORIEN, KOHLENHYDRATE, PROTEIN, FETT) VALUES (1009, 'Knoblauch', 'Stück', 0.25, 250, 141, 28.4, 6.1, 0.3);

INSERT INTO LIEFERANTZUTATEN (LIEFERANTENNR, ZID) VALUES (101, 1009);

INSERT INTO ZUTATEN (ZID, ZUTAT, MENGENEINHEIT, NETTOPREIS, BESTAND, KALORIEN, KOHLENHYDRATE, PROTEIN, FETT) VALUES (1010, 'Basilikum', 'Bund', 1.3, 10, 41, 5.1, 3.1, 0.6);

INSERT INTO LIEFERANTZUTATEN (LIEFERANTENNR, ZID) VALUES (101, 1010);

INSERT INTO ZUTATEN (ZID, ZUTAT, MENGENEINHEIT, NETTOPREIS, BESTAND, KALORIEN, KOHLENHYDRATE, PROTEIN, FETT) VALUES (1011, 'Süßkartoffel', 'Stück', 2.0, 200, 86, 20, 1.6, 0.1);

INSERT INTO LIEFERANTZUTATEN (LIEFERANTENNR, ZID) VALUES (101, 1011);

INSERT INTO ZUTATEN (ZID, ZUTAT, MENGENEINHEIT, NETTOPREIS, BESTAND, KALORIEN, KOHLENHYDRATE, PROTEIN, FETT) VALUES (1012, 'Schnittlauch', 'Bund', 0.9, 10, 28, 1, 3, 0.7);

INSERT INTO LIEFERANTZUTATEN (LIEFERANTENNR, ZID) VALUES (101, 1012);

INSERT INTO ZUTATEN (ZID, ZUTAT, MENGENEINHEIT, NETTOPREIS, BESTAND, KALORIEN, KOHLENHYDRATE, PROTEIN, FETT) VALUES (2001, 'Apfel', 'Stück', 1.2, 750, 54, 14.4, 0.3, 0.2);

INSERT INTO LIEFERANTZUTATEN (LIEFERANTENNR, ZID) VALUES (102, 2001);

INSERT INTO ZUTATEN (ZID, ZUTAT, MENGENEINHEIT, NETTOPREIS, BESTAND, KALORIEN, KOHLENHYDRATE, PROTEIN, FETT) VALUES (3001, 'Vollmilch. 3.5%', 'Liter', 1.5, 50, 65, 4.7, 3.4, 7);

INSERT INTO LIEFERANTZUTATEN (LIEFERANTENNR, ZID) VALUES (103, 3001);

INSERT INTO ZUTATEN (ZID, ZUTAT, MENGENEINHEIT, NETTOPREIS, BESTAND, KALORIEN, KOHLENHYDRATE, PROTEIN, FETT) VALUES (3002, 'Mozzarella', 'Packung', 3.5, 20, 241, 1, 18.1, 17);

INSERT INTO LIEFERANTZUTATEN (LIEFERANTENNR, ZID) VALUES (103, 3002);

INSERT INTO ZUTATEN (ZID, ZUTAT, MENGENEINHEIT, NETTOPREIS, BESTAND, KALORIEN, KOHLENHYDRATE, PROTEIN, FETT) VALUES (3003, 'Butter', 'Stück', 3.0, 50, 741, 0.6, 0.7, 202.5);

INSERT INTO LIEFERANTZUTATEN (LIEFERANTENNR, ZID) VALUES (103, 3003);

INSERT INTO ZUTATEN (ZID, ZUTAT, MENGENEINHEIT, NETTOPREIS, BESTAND, KALORIEN, KOHLENHYDRATE, PROTEIN, FETT) VALUES (4001, 'Ei', 'Stück', 0.4, 300, 137, 1.5, 11.9, 11);

INSERT INTO LIEFERANTZUTATEN (LIEFERANTENNR, ZID) VALUES (102, 4001);

INSERT INTO ZUTATEN (ZID, ZUTAT, MENGENEINHEIT, NETTOPREIS, BESTAND, KALORIEN, KOHLENHYDRATE, PROTEIN, FETT) VALUES (5001, 'Wiener Würstchen', 'Paar', 1.8, 40, 331, 1.2, 9.9, 19);

INSERT INTO LIEFERANTZUTATEN (LIEFERANTENNR, ZID) VALUES (101, 5001);

INSERT INTO ZUTATEN (ZID, ZUTAT, MENGENEINHEIT, NETTOPREIS, BESTAND, KALORIEN, KOHLENHYDRATE, PROTEIN, FETT) VALUES (9001, 'Tofu-Würstchen', 'Stück', 1.8, 20, 252, 7, 17, 17.1);

INSERT INTO LIEFERANTZUTATEN (LIEFERANTENNR, ZID) VALUES (103, 9001);

INSERT INTO ZUTATEN (ZID, ZUTAT, MENGENEINHEIT, NETTOPREIS, BESTAND, KALORIEN, KOHLENHYDRATE, PROTEIN, FETT) VALUES (6408, 'Couscous', 'Packung', 1.9, 15, 351, 67, 12, 0.2);

INSERT INTO LIEFERANTZUTATEN (LIEFERANTENNR, ZID) VALUES (102, 6408);

INSERT INTO ZUTATEN (ZID, ZUTAT, MENGENEINHEIT, NETTOPREIS, BESTAND, KALORIEN, KOHLENHYDRATE, PROTEIN, FETT) VALUES (7043, 'Gemüsebrühe', 'Würfel', 0.2, 4000, 1, 0.5, 0.5, 0.4);

INSERT INTO LIEFERANTZUTATEN (LIEFERANTENNR, ZID) VALUES (101, 7043);

INSERT INTO ZUTATEN (ZID, ZUTAT, MENGENEINHEIT, NETTOPREIS, BESTAND, KALORIEN, KOHLENHYDRATE, PROTEIN, FETT) VALUES (6300, 'Kichererbsen', 'Dose', 1.0, 400, 150, 21.2, 9, 24);

INSERT INTO LIEFERANTZUTATEN (LIEFERANTENNR, ZID) VALUES (103, 6300);

INSERT INTO BESTELLUNG (BESTELLNR, KUNDENNR, BESTELLDATUM, RECHNUNGSBETRAG) VALUES (1, 2001,'2020-07-01', 6.21);

INSERT INTO BESTELLUNG (BESTELLNR, KUNDENNR, BESTELLDATUM, RECHNUNGSBETRAG) VALUES (2, 2002,'2020-07-08', 32.96);

INSERT INTO BESTELLUNG (BESTELLNR, KUNDENNR, BESTELLDATUM, RECHNUNGSBETRAG) VALUES (3, 2003,'2020-08-01',24.08);

INSERT INTO BESTELLUNG (BESTELLNR, KUNDENNR, BESTELLDATUM, RECHNUNGSBETRAG) VALUES (4, 2004,'2020-08-02', 19.90);

INSERT INTO BESTELLUNG (BESTELLNR, KUNDENNR, BESTELLDATUM, RECHNUNGSBETRAG) VALUES (5, 2005,'2020-08-02', 6.47);

INSERT INTO BESTELLUNG (BESTELLNR, KUNDENNR, BESTELLDATUM, RECHNUNGSBETRAG) VALUES (7, 2006,'2020-08-10', 6.96);

INSERT INTO BESTELLUNG (BESTELLNR, KUNDENNR, BESTELLDATUM, RECHNUNGSBETRAG) VALUES (6, 2007,'2020-08-10', 2.41);

INSERT INTO BESTELLUNG (BESTELLNR, KUNDENNR, BESTELLDATUM, RECHNUNGSBETRAG) VALUES (8, 2008,'2020-08-10', 13.80);

INSERT INTO BESTELLUNG (BESTELLNR, KUNDENNR, BESTELLDATUM, RECHNUNGSBETRAG) VALUES (9, 2009,'2020-08-10', 8.67);

INSERT INTO BESTELLUNG (BESTELLNR, KUNDENNR, BESTELLDATUM, RECHNUNGSBETRAG) VALUES (10, 2007,'2020-08-15', 17.98);

INSERT INTO BESTELLUNG (BESTELLNR, KUNDENNR, BESTELLDATUM, RECHNUNGSBETRAG) VALUES (11, 2005,'2020-08-12', 8.67);

INSERT INTO BESTELLUNG (BESTELLNR, KUNDENNR, BESTELLDATUM, RECHNUNGSBETRAG) VALUES (12, 2003,'2020-08-13', 20.87);


INSERT INTO BESTELLUNGZUTATEN(BESTELLNR, ZID, MENGE) VALUES (1, 1001, 5);

INSERT INTO BESTELLUNGZUTATEN(BESTELLNR, ZID, MENGE) VALUES (1, 1002, 3);

INSERT INTO BESTELLUNGZUTATEN(BESTELLNR, ZID, MENGE) VALUES (1, 1006, 2);

INSERT INTO BESTELLUNGZUTATEN(BESTELLNR, ZID, MENGE) VALUES (1, 1004, 3);

INSERT INTO BESTELLUNGZUTATEN(BESTELLNR, ZID, MENGE) VALUES (2, 9001, 10);

INSERT INTO BESTELLUNGZUTATEN(BESTELLNR, ZID, MENGE) VALUES (2, 1005, 5);

INSERT INTO BESTELLUNGZUTATEN(BESTELLNR, ZID, MENGE) VALUES (2, 1003, 4);

INSERT INTO BESTELLUNGZUTATEN(BESTELLNR, ZID, MENGE) VALUES (2, 6408, 5);

INSERT INTO BESTELLUNGZUTATEN(BESTELLNR, ZID, MENGE) VALUES (3, 6300, 15);

INSERT INTO BESTELLUNGZUTATEN(BESTELLNR, ZID, MENGE) VALUES (3, 3001, 5);

INSERT INTO BESTELLUNGZUTATEN(BESTELLNR, ZID, MENGE) VALUES (4, 5001, 7);

INSERT INTO BESTELLUNGZUTATEN(BESTELLNR, ZID, MENGE) VALUES (4, 3003, 2);

INSERT INTO BESTELLUNGZUTATEN(BESTELLNR, ZID, MENGE) VALUES (5, 1002, 4);

INSERT INTO BESTELLUNGZUTATEN(BESTELLNR, ZID, MENGE) VALUES (5, 1004, 5);

INSERT INTO BESTELLUNGZUTATEN(BESTELLNR, ZID, MENGE) VALUES (5, 1001, 5);

INSERT INTO BESTELLUNGZUTATEN(BESTELLNR, ZID, MENGE) VALUES (7, 1009, 9);

INSERT INTO BESTELLUNGZUTATEN(BESTELLNR, ZID, MENGE) VALUES (6, 1010, 5);

INSERT INTO BESTELLUNGZUTATEN(BESTELLNR, ZID, MENGE) VALUES (8, 1012, 5);

INSERT INTO BESTELLUNGZUTATEN(BESTELLNR, ZID, MENGE) VALUES (8, 1008, 7);

INSERT INTO BESTELLUNGZUTATEN(BESTELLNR, ZID, MENGE) VALUES (9, 1007, 4);

INSERT INTO BESTELLUNGZUTATEN(BESTELLNR, ZID, MENGE) VALUES (9, 1012, 5);

INSERT INTO BESTELLUNGZUTATEN(BESTELLNR, ZID, MENGE) VALUES (10, 1011, 7);

INSERT INTO BESTELLUNGZUTATEN(BESTELLNR, ZID, MENGE) VALUES (10, 4001, 7);

INSERT INTO BESTELLUNGZUTATEN(BESTELLNR, ZID, MENGE) VALUES (11, 5001, 2);

INSERT INTO BESTELLUNGZUTATEN(BESTELLNR, ZID, MENGE) VALUES (11, 1012, 5);

INSERT INTO BESTELLUNGZUTATEN(BESTELLNR, ZID, MENGE) VALUES (12, 1010, 15);



COMMIT WORK;